run	sha	job_id	job	conclusion	log_read	log_sha256	runner_counts	url
34919345014	a0fbb1bf9a100bb3215219f54301b9ee82ffe71f	104223732559	workflow-lint	success	True	32b2259a671a4aa55603ab08421aee69f7f8988ad967db3ac4847b4b7c0a355b		https://github.com/PerryTS/turnloop/actions/runs/34919345014/job/104223732559
34919345014	a0fbb1bf9a100bb3215219f54301b9ee82ffe71f	104223732684	dependencies	success	True	f943b924b5d73e1c69e6a2b49e4f8e058ed685f18640df72229af645d818af55		https://github.com/PerryTS/turnloop/actions/runs/34919345014/job/104223732684
34919345014	a0fbb1bf9a100bb3215219f54301b9ee82ffe71f	104223732694	wasi (wasm32-wasip2, nightly-2026-08-20)	success	True	de6c9321b391ab26cf55bf1ea95258eea3defc43e68da9ee01e2df1c082fb0fc	7,22,22,9	https://github.com/PerryTS/turnloop/actions/runs/34919345014/job/104223732694
34919345014	a0fbb1bf9a100bb3215219f54301b9ee82ffe71f	104223732707	protocol	success	True	08c11d6a1f6ea9e2168b85376ce3cd1eac6700ead0028d3eb45c34c478353abf	9,13,5,2,1,1,1,3,1,4,2,2,1,12,1,3,2,3,2,1,9,16,3,2,1,3,3,1,1,3,1,3,1,5,11,2,2,2,1,3,1,1,3	https://github.com/PerryTS/turnloop/actions/runs/34919345014/job/104223732707
34919345014	a0fbb1bf9a100bb3215219f54301b9ee82ffe71f	104223732711	web	success	True	cf5a3726e1e5504e43f788872e6756e3f9de0a200871e439b0563da257183697	13,13,13	https://github.com/PerryTS/turnloop/actions/runs/34919345014/job/104223732711
34919345014	a0fbb1bf9a100bb3215219f54301b9ee82ffe71f	104223732723	h2spec	success	True	1e97c7eb1038d84bf9bcbf5fa90974a2cc6d6a8404054964edc59915cf8e4d22		https://github.com/PerryTS/turnloop/actions/runs/34919345014/job/104223732723
34919345014	a0fbb1bf9a100bb3215219f54301b9ee82ffe71f	104223732724	lint-wasm (wasm32-unknown-unknown)	success	True	da82c6acacc694e8ef841e491cbe821c83068be99d4802a3f8fc3a8fadc2ff15		https://github.com/PerryTS/turnloop/actions/runs/34919345014/job/104223732724
34919345014	a0fbb1bf9a100bb3215219f54301b9ee82ffe71f	104223732726	loom	success	True	583c2a760c6671125aad8429065089d350e105ac7f8cbb6655c6d7a90a5e828c	6	https://github.com/PerryTS/turnloop/actions/runs/34919345014/job/104223732726
34919345014	a0fbb1bf9a100bb3215219f54301b9ee82ffe71f	104223732736	lint-native (ubuntu-24.04)	success	True	d837a7489fa77a8a61a2fb2529a3e1371f10507aad0c29cab0fe25cceb65278c		https://github.com/PerryTS/turnloop/actions/runs/34919345014/job/104223732736
34919345014	a0fbb1bf9a100bb3215219f54301b9ee82ffe71f	104223732738	test-native (ubuntu-24.04-arm, process-sigchld)	success	True	85d4b65044169282f6364a92bb051bdd18f0cae505c905144c1dcf0ed122bd59	253,17,26,11,21,12,18,10,12,3,5,49,9,13,5,2,1,3,2,3	https://github.com/PerryTS/turnloop/actions/runs/34919345014/job/104223732738
34919345014	a0fbb1bf9a100bb3215219f54301b9ee82ffe71f	104223732739	protocol-wasi (wasm32-wasip2, nightly-2026-08-20)	success	True	47484614d2d56f2fc1bbc27b5295493c10dc7dbde268df33452633cfdc776878	2,1,9,16,3,2,1,3,3,1,3,3,5,11,2,2,3,1,3	https://github.com/PerryTS/turnloop/actions/runs/34919345014/job/104223732739
34919345014	a0fbb1bf9a100bb3215219f54301b9ee82ffe71f	104223732767	test-native (ubuntu-24.04-arm, executor)	success	True	517c0da740aa84eb5f08036ea73c06b7efd2b2396b7ee2d532e84fbb14ff83fc	259,17,26,11,21,12,18,10,12,3,5,56,9,13,5,2,1,3,2,3	https://github.com/PerryTS/turnloop/actions/runs/34919345014/job/104223732767
34919345014	a0fbb1bf9a100bb3215219f54301b9ee82ffe71f	104223732776	lint-native (windows-2025)	success	True	e7a33958d8ff2a4fb44e61f99b81824c283b4ebe62bd7973d1d79d4ae6dfa861		https://github.com/PerryTS/turnloop/actions/runs/34919345014/job/104223732776
34919345014	a0fbb1bf9a100bb3215219f54301b9ee82ffe71f	104223732783	test-native (ubuntu-24.04-arm, epoll-timerfd)	success	True	8fea3b67b240ea79998e8ded91cbe6f1a80c950e6a1c6c76f6e867d5b1207a78	252,16,26,11,21,12,18,10,12,3,5,49,9,13,5,2,1,3,2,3	https://github.com/PerryTS/turnloop/actions/runs/34919345014/job/104223732783
34919345014	a0fbb1bf9a100bb3215219f54301b9ee82ffe71f	104223732792	wasi (wasm32-wasip3, nightly-2026-09-07)	success	True	d2057e6a3b5cfdc09b7c03b29a3a15ae75eb40817ec7a8c7dca4c6f84e432bb8	9,23,23,10	https://github.com/PerryTS/turnloop/actions/runs/34919345014/job/104223732792
34919345014	a0fbb1bf9a100bb3215219f54301b9ee82ffe71f	104223732818	test-native (ubuntu-24.04-arm, all-features)	success	True	36aa3ce8b6ec4b1fd3e801aed1d8b2983c28d0fed2eedcf609c2280089820c80	309,18,38,14,25,16,24,13,16,8,5,56,9,13,5,2,1,3,2,3	https://github.com/PerryTS/turnloop/actions/runs/34919345014/job/104223732818
34919345014	a0fbb1bf9a100bb3215219f54301b9ee82ffe71f	104223732819	lint-wasm (wasm32-wasip2)	success	True	873c576debb3e8848ee0f068808fd03c5db757e5cbdbe173b0548be8b189bfb7		https://github.com/PerryTS/turnloop/actions/runs/34919345014/job/104223732819
34919345014	a0fbb1bf9a100bb3215219f54301b9ee82ffe71f	104223732823	test-native (macos-15, default)	success	True	a9957132d01bca46418bcddf98bd89728972a2a4d1e4fe26fa545002bebe051a	251,14,26,11,21,12,18,10,12,3,5,50,9,13,5,2,1,3,2,3	https://github.com/PerryTS/turnloop/actions/runs/34919345014/job/104223732823
34919345014	a0fbb1bf9a100bb3215219f54301b9ee82ffe71f	104223732837	test-native (windows-2025, all-features)	success	True	304abc7c6cc76de34c8346b75ec3773297b50fb3cf0f522019d79738d79c2c90	323,20,38,14,25,16,24,13,16,8,4,69,9,13,5,2,1,3,2,3	https://github.com/PerryTS/turnloop/actions/runs/34919345014/job/104223732837
34919345014	a0fbb1bf9a100bb3215219f54301b9ee82ffe71f	104223732844	test-native (ubuntu-24.04-arm, default)	success	True	eec8a4e5c4000c2b3816d9dec6bd4b96ffe5417bf44823a98228cf2524664746	252,16,26,11,21,12,18,10,12,3,5,49,9,13,5,2,1,3,2,3	https://github.com/PerryTS/turnloop/actions/runs/34919345014/job/104223732844
34919345014	a0fbb1bf9a100bb3215219f54301b9ee82ffe71f	104223732852	test-native (windows-2025, executor)	success	True	0a5c0cc09fc691009b8f9c6b04176902641ca95ccbfb9b178f0cfbf8c504ed90	274,20,26,11,21,12,18,10,12,3,4,69,9,13,5,2,1,3,2,3	https://github.com/PerryTS/turnloop/actions/runs/34919345014/job/104223732852
34919345014	a0fbb1bf9a100bb3215219f54301b9ee82ffe71f	104223732853	instructions	success	True	9672cdbf3c1a0dd8171ce2a13eee15355904d72fe9cf97f8a7a62d9565db31f1		https://github.com/PerryTS/turnloop/actions/runs/34919345014/job/104223732853
34919345014	a0fbb1bf9a100bb3215219f54301b9ee82ffe71f	104223732855	test-native (windows-2025, default)	success	True	a28b047b1d4d024ac2ec00579cc7d7b4c5da10ea9b08610b63af65cc7c429dea	267,19,26,11,21,12,18,10,12,3,4,62,9,13,5,2,1,3,2,3	https://github.com/PerryTS/turnloop/actions/runs/34919345014/job/104223732855
34919345014	a0fbb1bf9a100bb3215219f54301b9ee82ffe71f	104223732857	test-native (ubuntu-24.04, fallbacks)	success	True	adbb8c136565282b7dceee2222d17fb96161e5341a27a1c4c2a19398ff078b7f	253,17,26,11,21,12,18,10,12,3,5,49,9,13,5,2,1,3,2,3	https://github.com/PerryTS/turnloop/actions/runs/34919345014/job/104223732857
34919345014	a0fbb1bf9a100bb3215219f54301b9ee82ffe71f	104223732865	lint-native (macos-15)	success	True	a695740980593d87851fdaa37b0192ecac8aaeb745d8fb0c9c9552edf3f4bb2f		https://github.com/PerryTS/turnloop/actions/runs/34919345014/job/104223732865
34919345014	a0fbb1bf9a100bb3215219f54301b9ee82ffe71f	104223732879	protocol-wasi (wasm32-wasip3, nightly-2026-09-07)	success	True	9e50e1024d8a126cee7b475a7ebf9d107d51c4252f58c0041d76d540b26a1799	2,1,9,16,3,2,1,3,3,1,3,3,5,11,2,2,3,1,3	https://github.com/PerryTS/turnloop/actions/runs/34919345014/job/104223732879
34919345014	a0fbb1bf9a100bb3215219f54301b9ee82ffe71f	104223732911	test-native (macos-15, all-features)	success	True	9d85fc8db9902347628b2d14f8af8e05221f95454d1cf09c56e538e1910d83e9	307,15,38,14,25,16,24,13,16,8,5,57,9,13,5,2,1,3,2,3	https://github.com/PerryTS/turnloop/actions/runs/34919345014/job/104223732911
34919345014	a0fbb1bf9a100bb3215219f54301b9ee82ffe71f	104223732934	test-native (ubuntu-24.04-arm, fallbacks)	success	True	7d7e681b972237b1f75fdb609ae3f1e834b70438ed00f142dc9c26808a8c9618	253,17,26,11,21,12,18,10,12,3,5,49,9,13,5,2,1,3,2,3	https://github.com/PerryTS/turnloop/actions/runs/34919345014/job/104223732934
34919345014	a0fbb1bf9a100bb3215219f54301b9ee82ffe71f	104223732950	lint-native (ubuntu-24.04-arm)	success	True	8983e332e26bde1bc723afbb0eff287310b330f0ad22bcfd6dea227fbc563f6a		https://github.com/PerryTS/turnloop/actions/runs/34919345014/job/104223732950
34919345014	a0fbb1bf9a100bb3215219f54301b9ee82ffe71f	104223732954	test-native (macos-15, executor)	success	True	40142ebf1eda3659fe3251267f8f0f196621c8ae487684be69622942fed8ff86	258,15,26,11,21,12,18,10,12,3,5,57,9,13,5,2,1,3,2,3	https://github.com/PerryTS/turnloop/actions/runs/34919345014/job/104223732954
34919345014	a0fbb1bf9a100bb3215219f54301b9ee82ffe71f	104223732992	miri	success	True	97ceff24dfd422c07d440a8ebc66b414401ed7c03e8bb2ea3c410b285fd2bcfa	1,1	https://github.com/PerryTS/turnloop/actions/runs/34919345014/job/104223732992
34919345014	a0fbb1bf9a100bb3215219f54301b9ee82ffe71f	104223733071	test-native (ubuntu-24.04, executor)	success	True	54add9f2454a7c01dcc66dd46558c13d0e9a42ab487783ceac15f19c06f9a062	259,17,26,11,21,12,18,10,12,3,5,56,9,13,5,2,1,3,2,3	https://github.com/PerryTS/turnloop/actions/runs/34919345014/job/104223733071
34919345014	a0fbb1bf9a100bb3215219f54301b9ee82ffe71f	104223733073	test-native (ubuntu-24.04, epoll-timerfd)	success	True	a95811413fdbb6a130c933d1164cc4aa9d7f13e72c886dad3558d9518d821782	252,16,26,11,21,12,18,10,12,3,5,49,9,13,5,2,1,3,2,3	https://github.com/PerryTS/turnloop/actions/runs/34919345014/job/104223733073
34919345014	a0fbb1bf9a100bb3215219f54301b9ee82ffe71f	104223733081	test-native (ubuntu-24.04, default)	success	True	29c6063d726131136519a1e694530a3a59bfd5dab00e8b079244d86522bf5592	252,16,26,11,21,12,18,10,12,3,5,49,9,13,5,2,1,3,2,3	https://github.com/PerryTS/turnloop/actions/runs/34919345014/job/104223733081
34919345014	a0fbb1bf9a100bb3215219f54301b9ee82ffe71f	104223733122	test-native (ubuntu-24.04, all-features)	success	True	b6db30e3328edf6b67e4410ceac8edd734d384273491d289bfb2456b95018c5b	309,18,38,14,25,16,24,13,16,8,5,56,9,13,5,2,1,3,2,3	https://github.com/PerryTS/turnloop/actions/runs/34919345014/job/104223733122
34919345014	a0fbb1bf9a100bb3215219f54301b9ee82ffe71f	104223733226	test-native (ubuntu-24.04, process-sigchld)	success	True	70e2fd47326f14c64444bcdd06ce4b2a4fdf70d3259125d3c880f6ae65ea1288	253,17,26,11,21,12,18,10,12,3,5,49,9,13,5,2,1,3,2,3	https://github.com/PerryTS/turnloop/actions/runs/34919345014/job/104223733226
34919345014	a0fbb1bf9a100bb3215219f54301b9ee82ffe71f	104223733530	self-hosted-windows	skipped	False			https://github.com/PerryTS/turnloop/actions/runs/34919345014/job/104223733530
34919345014	a0fbb1bf9a100bb3215219f54301b9ee82ffe71f	104225153295	ci-gate	success	True	58bc163e8b7c04e5c383fce2b4d167d1d15a4f18d3865a07ead60d9016469173		https://github.com/PerryTS/turnloop/actions/runs/34919345014/job/104225153295
34918732035	163fd0c7dc074d694ef719597139ba57472cb543	104221899470	web	success	True	89367afbb1796295eab6d2b231357ac8d1eb3ef01e67f52e8cdb02660ca4ebc2	13,13,13	https://github.com/PerryTS/turnloop/actions/runs/34918732035/job/104221899470
34918732035	163fd0c7dc074d694ef719597139ba57472cb543	104221899569	test-native (ubuntu-24.04-arm, process-sigchld)	success	True	5f9139e1ef1ba11706755326f2afa6c0804e181472936be90cac9ea8736db45a	253,17,26,11,21,12,18,10,12,3,5,49,9,13,5,2,1,3,2,3	https://github.com/PerryTS/turnloop/actions/runs/34918732035/job/104221899569
34918732035	163fd0c7dc074d694ef719597139ba57472cb543	104221899579	test-native (macos-15, default)	success	True	a867c92d1be34c853241d8c1b50e48744025a972dc5e1ac5956c3066ac98872c	251,14,26,11,21,12,18,10,12,3,5,50,9,13,5,2,1,3,2,3	https://github.com/PerryTS/turnloop/actions/runs/34918732035/job/104221899579
34918732035	163fd0c7dc074d694ef719597139ba57472cb543	104221899588	test-native (ubuntu-24.04, default)	success	True	834cf009eb05e2c0cd3de5e5913cf8d610bb1ab1b86c63c61b7b37c2b0e5ea43	252,16,26,11,21,12,18,10,12,3,5,49,9,13,5,2,1,3,2,3	https://github.com/PerryTS/turnloop/actions/runs/34918732035/job/104221899588
34918732035	163fd0c7dc074d694ef719597139ba57472cb543	104221899590	test-native (ubuntu-24.04-arm, all-features)	success	True	99d06c1a2544872b857427758a349552f9a252bd8c759f63c0eb5592025354b0	309,18,38,14,25,16,24,13,16,8,5,56,9,13,5,2,1,3,2,3	https://github.com/PerryTS/turnloop/actions/runs/34918732035/job/104221899590
34918732035	163fd0c7dc074d694ef719597139ba57472cb543	104221899594	test-native (ubuntu-24.04, epoll-timerfd)	success	True	e1bda971dd62b09745cc39edcbd25c586bc0375469fbd898478b5dae8119396c	252,16,26,11,21,12,18,10,12,3,5,49,9,13,5,2,1,3,2,3	https://github.com/PerryTS/turnloop/actions/runs/34918732035/job/104221899594
34918732035	163fd0c7dc074d694ef719597139ba57472cb543	104221899596	loom	success	True	6637cb122bab99a30b97546b5679a0d1454ea8b10df04f6d33b2e2ea2b9bf9a0	6	https://github.com/PerryTS/turnloop/actions/runs/34918732035/job/104221899596
34918732035	163fd0c7dc074d694ef719597139ba57472cb543	104221899603	test-native (windows-2025, default)	success	True	cbfed1cd2bffc68eb04546f91ad4759752f61a3aa7ad1a5358169b896c32dc25	267,19,26,11,21,12,18,10,12,3,4,62,9,13,5,2,1,3,2,3	https://github.com/PerryTS/turnloop/actions/runs/34918732035/job/104221899603
34918732035	163fd0c7dc074d694ef719597139ba57472cb543	104221899604	test-native (ubuntu-24.04-arm, fallbacks)	success	True	5edce1ae54086e84ee2b288b457b8cc99ee9db78d05b86b22987e559a34992bf	253,17,26,11,21,12,18,10,12,3,5,49,9,13,5,2,1,3,2,3	https://github.com/PerryTS/turnloop/actions/runs/34918732035/job/104221899604
34918732035	163fd0c7dc074d694ef719597139ba57472cb543	104221899607	wasi (wasm32-wasip3, nightly-2026-09-07)	success	True	6e55cebc4c7b26bdadda85f8261c884c777f38c4e1e83160bec7bf3ed81424dd	9,23,23,10	https://github.com/PerryTS/turnloop/actions/runs/34918732035/job/104221899607
34918732035	163fd0c7dc074d694ef719597139ba57472cb543	104221899608	test-native (ubuntu-24.04-arm, executor)	success	True	d5359d38312ec24396d2337586ce1462ed7953f9435d2835d2a8e7b67ab7a91f	259,17,26,11,21,12,18,10,12,3,5,56,9,13,5,2,1,3,2,3	https://github.com/PerryTS/turnloop/actions/runs/34918732035/job/104221899608
34918732035	163fd0c7dc074d694ef719597139ba57472cb543	104221899613	test-native (ubuntu-24.04-arm, epoll-timerfd)	success	True	c3e820f99dc9549dfb9ac1f8f09726f03e21df7035d8179979bed7f6932d36c8	252,16,26,11,21,12,18,10,12,3,5,49,9,13,5,2,1,3,2,3	https://github.com/PerryTS/turnloop/actions/runs/34918732035/job/104221899613
34918732035	163fd0c7dc074d694ef719597139ba57472cb543	104221899614	lint-native (ubuntu-24.04)	success	True	7d4ec7842196038d871a453b86d5c8aa44c9b7c8e1d12c18387f4ebef1d6ab60		https://github.com/PerryTS/turnloop/actions/runs/34918732035/job/104221899614
34918732035	163fd0c7dc074d694ef719597139ba57472cb543	104221899616	test-native (macos-15, executor)	success	True	e73cadb3de0bc876ef6b2d188088d5854602ccac840767b1e2f371cf50a590a0	258,15,26,11,21,12,18,10,12,3,5,57,9,13,5,2,1,3,2,3	https://github.com/PerryTS/turnloop/actions/runs/34918732035/job/104221899616
34918732035	163fd0c7dc074d694ef719597139ba57472cb543	104221899617	instructions	success	True	77386d68a516e0c808193b28cfad3778c33509d9826615f6cebb289e522a6a39		https://github.com/PerryTS/turnloop/actions/runs/34918732035/job/104221899617
34918732035	163fd0c7dc074d694ef719597139ba57472cb543	104221899620	test-native (windows-2025, executor)	success	True	8f0db626f6ee66958bf3c5ec56d18fc3399f8738a43b74d361421d7eef67e123	274,20,26,11,21,12,18,10,12,3,4,69,9,13,5,2,1,3,2,3	https://github.com/PerryTS/turnloop/actions/runs/34918732035/job/104221899620
34918732035	163fd0c7dc074d694ef719597139ba57472cb543	104221899622	test-native (windows-2025, all-features)	success	True	092005c703b38771b5fcbac7e3868bbf984977da17ec18c7cab809cde902fbb9	323,20,38,14,25,16,24,13,16,8,4,69,9,13,5,2,1,3,2,3	https://github.com/PerryTS/turnloop/actions/runs/34918732035/job/104221899622
34918732035	163fd0c7dc074d694ef719597139ba57472cb543	104221899631	dependencies	success	True	f020e92e2840bcb8a2fe2f050f3143d8627d11fbc523892715b1c464860e3109		https://github.com/PerryTS/turnloop/actions/runs/34918732035/job/104221899631
34918732035	163fd0c7dc074d694ef719597139ba57472cb543	104221899635	workflow-lint	success	True	e2f4cc0010e0710e812294c41e8dfc323760e7ffd11adf5b2cde3f93f3917331		https://github.com/PerryTS/turnloop/actions/runs/34918732035/job/104221899635
34918732035	163fd0c7dc074d694ef719597139ba57472cb543	104221899637	protocol	success	True	35e16afd4c47ca286704fc0e18484e08f282be1b829d2a2f9d20afef101dc521	9,13,5,2,1,1,1,3,1,4,2,2,1,12,1,3,2,3,2,1,9,16,3,2,1,3,3,1,1,3,1,3,1,5,11,2,2,2,1,3,1,1,3	https://github.com/PerryTS/turnloop/actions/runs/34918732035/job/104221899637
34918732035	163fd0c7dc074d694ef719597139ba57472cb543	104221899639	test-native (macos-15, all-features)	success	True	f986e4eb56c06190ae795f429983b7de1e9ec5939f97edf18714a29a01c1669e	307,15,38,14,25,16,24,13,16,8,5,57,9,13,5,2,1,3,2,3	https://github.com/PerryTS/turnloop/actions/runs/34918732035/job/104221899639
34918732035	163fd0c7dc074d694ef719597139ba57472cb543	104221899641	lint-native (windows-2025)	success	True	d0eb6838a34a62dddbe482664b4c07ef005f1d7a145509b97bfb1dbcdf31036c		https://github.com/PerryTS/turnloop/actions/runs/34918732035/job/104221899641
34918732035	163fd0c7dc074d694ef719597139ba57472cb543	104221899650	lint-wasm (wasm32-unknown-unknown)	success	True	2f9261d4e3973b41c2e65d8bf3303f7efe88f332976e13127c6d61fc48eb423d		https://github.com/PerryTS/turnloop/actions/runs/34918732035/job/104221899650
34918732035	163fd0c7dc074d694ef719597139ba57472cb543	104221899651	test-native (ubuntu-24.04, executor)	success	True	0c6b032b255cd3dcfa1e3574ca0aa48252c4a5ee92d328fb12da01651e9412fa	259,17,26,11,21,12,18,10,12,3,5,56,9,13,5,2,1,3,2,3	https://github.com/PerryTS/turnloop/actions/runs/34918732035/job/104221899651
34918732035	163fd0c7dc074d694ef719597139ba57472cb543	104221899655	test-native (ubuntu-24.04, process-sigchld)	success	True	bd2d3f48255662c06db26f8f751bcb3ae06e6ec039a0b51dc7fdcdc701b3b032	253,17,26,11,21,12,18,10,12,3,5,49,9,13,5,2,1,3,2,3	https://github.com/PerryTS/turnloop/actions/runs/34918732035/job/104221899655
34918732035	163fd0c7dc074d694ef719597139ba57472cb543	104221899656	lint-wasm (wasm32-wasip2)	success	True	4be0302cb6ad6eb119333f8e6aceaa3cde19c5ec2d1c8d6c1ed1f1782cecc098		https://github.com/PerryTS/turnloop/actions/runs/34918732035/job/104221899656
34918732035	163fd0c7dc074d694ef719597139ba57472cb543	104221899686	lint-native (ubuntu-24.04-arm)	success	True	36db6dd720f9159667fca14f90cc915ce7eab4f740986178c6e60e64a196f2ab		https://github.com/PerryTS/turnloop/actions/runs/34918732035/job/104221899686
34918732035	163fd0c7dc074d694ef719597139ba57472cb543	104221899688	wasi (wasm32-wasip2, nightly-2026-08-20)	success	True	03520b6035154bf2db3a9cc35f61cebef01706de9a4a7aa64df08a37a76f0280	7,22,22,9	https://github.com/PerryTS/turnloop/actions/runs/34918732035/job/104221899688
34918732035	163fd0c7dc074d694ef719597139ba57472cb543	104221899730	protocol-wasi (wasm32-wasip2, nightly-2026-08-20)	success	True	60670175b503cc877099afc7b02337a6a46992cd9e38ac129ceeae650c20ab98	2,1,9,16,3,2,1,3,3,1,3,3,5,11,2,2,3,1,3	https://github.com/PerryTS/turnloop/actions/runs/34918732035/job/104221899730
34918732035	163fd0c7dc074d694ef719597139ba57472cb543	104221899738	miri	success	True	f65486d37b2ee4ad04edddd946b7ad5ecb83a1b40cbc2ddb0d3a9c3e85f65c30	1,1	https://github.com/PerryTS/turnloop/actions/runs/34918732035/job/104221899738
34918732035	163fd0c7dc074d694ef719597139ba57472cb543	104221899739	protocol-wasi (wasm32-wasip3, nightly-2026-09-07)	success	True	013430f2aa80c9aa6136f28dc70e4aff1f9bbcb2ccf736ea76c55ab48f2b3c13	2,1,9,16,3,2,1,3,3,1,3,3,5,11,2,2,3,1,3	https://github.com/PerryTS/turnloop/actions/runs/34918732035/job/104221899739
34918732035	163fd0c7dc074d694ef719597139ba57472cb543	104221899748	h2spec	success	True	e32225734cf63915bbf403d3e1aba7fefa322dc562d7cd84d881d852540f5249		https://github.com/PerryTS/turnloop/actions/runs/34918732035/job/104221899748
34918732035	163fd0c7dc074d694ef719597139ba57472cb543	104221899749	lint-native (macos-15)	success	True	37264fc38c2c4c4020a2f44162a1648ca09f173613efa99dc573d0c675db5dde		https://github.com/PerryTS/turnloop/actions/runs/34918732035/job/104221899749
34918732035	163fd0c7dc074d694ef719597139ba57472cb543	104221899787	test-native (ubuntu-24.04, fallbacks)	success	True	a6827d3f53ce051211e2d04da5947f4e470006919c0c5e7d96a4ed9a2121f467	253,17,26,11,21,12,18,10,12,3,5,49,9,13,5,2,1,3,2,3	https://github.com/PerryTS/turnloop/actions/runs/34918732035/job/104221899787
34918732035	163fd0c7dc074d694ef719597139ba57472cb543	104221899814	test-native (ubuntu-24.04-arm, default)	success	True	6a94df2578f86e12382221f9a4ca5830feb3f952834970e42f830422ea6f7e68	252,16,26,11,21,12,18,10,12,3,5,49,9,13,5,2,1,3,2,3	https://github.com/PerryTS/turnloop/actions/runs/34918732035/job/104221899814
34918732035	163fd0c7dc074d694ef719597139ba57472cb543	104221899884	test-native (ubuntu-24.04, all-features)	success	True	6f60ac0ee545e6775b3074d2e58b7e2fe3988e22476fd0e80ccb86d3013d75af	309,18,38,14,25,16,24,13,16,8,5,56,9,13,5,2,1,3,2,3	https://github.com/PerryTS/turnloop/actions/runs/34918732035/job/104221899884
34918732035	163fd0c7dc074d694ef719597139ba57472cb543	104221900062	self-hosted-windows	skipped	False			https://github.com/PerryTS/turnloop/actions/runs/34918732035/job/104221900062
34918732035	163fd0c7dc074d694ef719597139ba57472cb543	104223118912	ci-gate	success	True	0003bb7614a470aac790a2c0f92f3ccb3fb8ca862e4a6a74edf7d023446e0ba0		https://github.com/PerryTS/turnloop/actions/runs/34918732035/job/104223118912
34916140575	7f37e7e4dad60d7d596fce225bb0797565fc765f	104214378092	h2spec	success	True	1c95d2e63f40555eaf146ab9ee5d451132688160717d8ed8903760afd1f99b23		https://github.com/PerryTS/turnloop/actions/runs/34916140575/job/104214378092
34916140575	7f37e7e4dad60d7d596fce225bb0797565fc765f	104214378275	wasi (wasm32-wasip3, nightly-2026-09-07)	success	True	c3377a26a8694fb701b82cad1c9bf44570158aff070236374b9befc7dc6d7d0a	8,23,23,10	https://github.com/PerryTS/turnloop/actions/runs/34916140575/job/104214378275
34916140575	7f37e7e4dad60d7d596fce225bb0797565fc765f	104214378288	lint-native (ubuntu-24.04)	success	True	d3be3adf6d28d17a5229029e38dadbc1e6a3218976a41c68ff793c33f58c4681		https://github.com/PerryTS/turnloop/actions/runs/34916140575/job/104214378288
34916140575	7f37e7e4dad60d7d596fce225bb0797565fc765f	104214378334	loom	success	True	04d51d04a3f172c26528e96c9ace135871183fa300719b32995c05ed0d19c853	6	https://github.com/PerryTS/turnloop/actions/runs/34916140575/job/104214378334
34916140575	7f37e7e4dad60d7d596fce225bb0797565fc765f	104214378369	lint-native (macos-15)	success	True	ff3ee481b6268e791ec4876c8c0cdb748a4add64bc4068399d02a070f6f456b8		https://github.com/PerryTS/turnloop/actions/runs/34916140575/job/104214378369
34916140575	7f37e7e4dad60d7d596fce225bb0797565fc765f	104214378390	test-native (ubuntu-24.04, executor)	success	True	59262e0f191b07cced59adefe9653696d08c4b1497199a0c7829cd3858918e4f	257,16,26,11,21,12,18,10,12,3,5,55,9,13,5,2,1,3,2,3	https://github.com/PerryTS/turnloop/actions/runs/34916140575/job/104214378390
34916140575	7f37e7e4dad60d7d596fce225bb0797565fc765f	104214378415	miri	success	True	c774cda1b51337db43c43b6a890cb95ada212e8c1ea5448d0b43edcfce3a02be	1,1	https://github.com/PerryTS/turnloop/actions/runs/34916140575/job/104214378415
34916140575	7f37e7e4dad60d7d596fce225bb0797565fc765f	104214378427	workflow-lint	success	True	4350ca93ae25c525a65c093af6af681ed356e3c47ab4d21f5f7bdc1cefc5ee1c		https://github.com/PerryTS/turnloop/actions/runs/34916140575/job/104214378427
34916140575	7f37e7e4dad60d7d596fce225bb0797565fc765f	104214378454	lint-native (ubuntu-24.04-arm)	success	True	a3988be52e26355c27aa75728ec1f1f8a52d6a91c45c99d7b9ed773564aefaec		https://github.com/PerryTS/turnloop/actions/runs/34916140575/job/104214378454
34916140575	7f37e7e4dad60d7d596fce225bb0797565fc765f	104214378469	protocol	success	True	2054acf6964db1662072fef48bf4d0aeb3f01668e9d935e2089dbe40aff465c6	9,13,5,2,1,1,1,3,1,4,2,2,1,12,1,3,2,3,2,1,9,16,3,2,1,3,3,1,1,3,1,3,1,5,11,2,2,2,1,3,1,1,3	https://github.com/PerryTS/turnloop/actions/runs/34916140575/job/104214378469
34916140575	7f37e7e4dad60d7d596fce225bb0797565fc765f	104214378477	protocol-wasi (wasm32-wasip2, nightly-2026-08-20)	success	True	b562a35b7c3d56fc207c718c4b1b464ae28dc77865091063841e7da6a0444040	2,1,9,16,3,2,1,3,3,1,3,3,5,11,2,2,3,1,3	https://github.com/PerryTS/turnloop/actions/runs/34916140575/job/104214378477
34916140575	7f37e7e4dad60d7d596fce225bb0797565fc765f	104214378498	dependencies	success	True	20df545f601807d4853919b44c8d339c29cb1d2bba91a03f6970325a59e378ee		https://github.com/PerryTS/turnloop/actions/runs/34916140575/job/104214378498
34916140575	7f37e7e4dad60d7d596fce225bb0797565fc765f	104214378511	wasi (wasm32-wasip2, nightly-2026-08-20)	success	True	c37c6c14010b02bbcf0bd73e2495804f6971ac195be93c0ab26e500f1b10e6ad	6,22,22,9	https://github.com/PerryTS/turnloop/actions/runs/34916140575/job/104214378511
34916140575	7f37e7e4dad60d7d596fce225bb0797565fc765f	104214378516	lint-wasm (wasm32-unknown-unknown)	success	True	1d6aad09efe268f33c47f7ed2f6bd79e6de74c2804ba3027c0521c80904bc2fa		https://github.com/PerryTS/turnloop/actions/runs/34916140575/job/104214378516
34916140575	7f37e7e4dad60d7d596fce225bb0797565fc765f	104214378519	lint-native (windows-2025)	success	True	025d6032a62748509821db241509af623f050ed7b699f509a6e1fa816f4fa4f8		https://github.com/PerryTS/turnloop/actions/runs/34916140575/job/104214378519
34916140575	7f37e7e4dad60d7d596fce225bb0797565fc765f	104214378522	test-native (ubuntu-24.04-arm, epoll-timerfd)	success	True	7e254358f544060d316aeed36120196bcf7deec413a64dc0d9ec9337c7c755a4	250,15,26,11,21,12,18,10,12,3,5,48,9,13,5,2,1,3,2,3	https://github.com/PerryTS/turnloop/actions/runs/34916140575/job/104214378522
34916140575	7f37e7e4dad60d7d596fce225bb0797565fc765f	104214378524	instructions	success	True	f338e9db5ffdcbb43abb9d739b4186a8336ba547fee1236d64e9554d45ce5af6		https://github.com/PerryTS/turnloop/actions/runs/34916140575/job/104214378524
34916140575	7f37e7e4dad60d7d596fce225bb0797565fc765f	104214378541	test-native (windows-2025, executor)	success	True	e8a4037088335c8ab9828e9eb1ac761293fbc06a07a6871d5d31b18884182662	260,17,26,11,21,12,18,10,12,3,4,58,9,13,5,2,1,3,2,3	https://github.com/PerryTS/turnloop/actions/runs/34916140575/job/104214378541
34916140575	7f37e7e4dad60d7d596fce225bb0797565fc765f	104214378548	test-native (ubuntu-24.04-arm, fallbacks)	success	True	c31fadad48807cef4a25ce68650e423a2ec20cf6bafff7a1a9611a4866db2d54	251,16,26,11,21,12,18,10,12,3,5,48,9,13,5,2,1,3,2,3	https://github.com/PerryTS/turnloop/actions/runs/34916140575/job/104214378548
34916140575	7f37e7e4dad60d7d596fce225bb0797565fc765f	104214378552	lint-wasm (wasm32-wasip2)	success	True	5e6c7f2f59f74c99739bcc4eb28f7bb82949d652c3582e8ddc12e9edee942f0b		https://github.com/PerryTS/turnloop/actions/runs/34916140575/job/104214378552
34916140575	7f37e7e4dad60d7d596fce225bb0797565fc765f	104214378574	test-native (windows-2025, all-features)	success	True	8fae73674ee714b873479f3661593c83dd39e3d62b360bf2bc25d4eb76591704	309,17,38,14,25,16,24,13,16,8,4,58,9,13,5,2,1,3,2,3	https://github.com/PerryTS/turnloop/actions/runs/34916140575/job/104214378574
34916140575	7f37e7e4dad60d7d596fce225bb0797565fc765f	104214378575	test-native (ubuntu-24.04, default)	success	True	1781455628fd3088c2258ad29e868efeba6fc02bcc796ab930b016644a1d1e32	250,15,26,11,21,12,18,10,12,3,5,48,9,13,5,2,1,3,2,3	https://github.com/PerryTS/turnloop/actions/runs/34916140575/job/104214378575
34916140575	7f37e7e4dad60d7d596fce225bb0797565fc765f	104214378578	test-native (macos-15, default)	success	True	87979bac8ea6b5b4482d5120f429b6fdb52f1e2b10aa074da5f5b7d6a2945a42	249,13,26,11,21,12,18,10,12,3,5,49,9,13,5,2,1,3,2,3	https://github.com/PerryTS/turnloop/actions/runs/34916140575/job/104214378578
34916140575	7f37e7e4dad60d7d596fce225bb0797565fc765f	104214378580	test-native (windows-2025, default)	success	True	163350b81025c4696246325ae8aedc67e284fba713115db5419339061050a006	253,16,26,11,21,12,18,10,12,3,4,51,9,13,5,2,1,3,2,3	https://github.com/PerryTS/turnloop/actions/runs/34916140575/job/104214378580
34916140575	7f37e7e4dad60d7d596fce225bb0797565fc765f	104214378584	protocol-wasi (wasm32-wasip3, nightly-2026-09-07)	success	True	6804d90f6426ba20aad045384edf08946fdaf685b36e3d3ad2d6dbc724972dac	2,1,9,16,3,2,1,3,3,1,3,3,5,11,2,2,3,1,3	https://github.com/PerryTS/turnloop/actions/runs/34916140575/job/104214378584
34916140575	7f37e7e4dad60d7d596fce225bb0797565fc765f	104214378593	test-native (ubuntu-24.04-arm, process-sigchld)	success	True	2c70cd355181c81706fa471ba872eb43bfc56b44cd1a2bda0804d1923a37908d	251,16,26,11,21,12,18,10,12,3,5,48,9,13,5,2,1,3,2,3	https://github.com/PerryTS/turnloop/actions/runs/34916140575/job/104214378593
34916140575	7f37e7e4dad60d7d596fce225bb0797565fc765f	104214378608	test-native (ubuntu-24.04, process-sigchld)	success	True	ae6c6862e57bfb8f2d1bc1020b1ad03e8f083affb5c44e6139a07024f684f384	251,16,26,11,21,12,18,10,12,3,5,48,9,13,5,2,1,3,2,3	https://github.com/PerryTS/turnloop/actions/runs/34916140575/job/104214378608
34916140575	7f37e7e4dad60d7d596fce225bb0797565fc765f	104214378613	test-native (ubuntu-24.04, epoll-timerfd)	success	True	12658653eaafc4ab0e0ecee9c4df64da9e401726f850168a5aa718b41eaf7917	250,15,26,11,21,12,18,10,12,3,5,48,9,13,5,2,1,3,2,3	https://github.com/PerryTS/turnloop/actions/runs/34916140575/job/104214378613
34916140575	7f37e7e4dad60d7d596fce225bb0797565fc765f	104214378625	test-native (macos-15, executor)	success	True	b27b6850a85549d884950abf8721d723cae3e8761afffd1265cc107ce61de547	256,14,26,11,21,12,18,10,12,3,5,56,9,13,5,2,1,3,2,3	https://github.com/PerryTS/turnloop/actions/runs/34916140575/job/104214378625
34916140575	7f37e7e4dad60d7d596fce225bb0797565fc765f	104214378627	test-native (ubuntu-24.04-arm, default)	success	True	18f2c891e35346b77c7587335ef458d5071af40276eca4a6de5ce93ece051ada	250,15,26,11,21,12,18,10,12,3,5,48,9,13,5,2,1,3,2,3	https://github.com/PerryTS/turnloop/actions/runs/34916140575/job/104214378627
34916140575	7f37e7e4dad60d7d596fce225bb0797565fc765f	104214378634	test-native (ubuntu-24.04-arm, executor)	success	True	a151b431cd9c191299b61d4ccfbda04467b41787bd7ab545540078ecd267d995	257,16,26,11,21,12,18,10,12,3,5,55,9,13,5,2,1,3,2,3	https://github.com/PerryTS/turnloop/actions/runs/34916140575/job/104214378634
34916140575	7f37e7e4dad60d7d596fce225bb0797565fc765f	104214378639	test-native (ubuntu-24.04, fallbacks)	success	True	6603ae4fe3283670a9510e985fd28969db7770027fd579a73a78831849950057	251,16,26,11,21,12,18,10,12,3,5,48,9,13,5,2,1,3,2,3	https://github.com/PerryTS/turnloop/actions/runs/34916140575/job/104214378639
34916140575	7f37e7e4dad60d7d596fce225bb0797565fc765f	104214378668	web	success	True	2cbb5486afd4a1d3cfea4327b6037c68b2802256569ea41afdf8b5950f746570	13,13,13	https://github.com/PerryTS/turnloop/actions/runs/34916140575/job/104214378668
34916140575	7f37e7e4dad60d7d596fce225bb0797565fc765f	104214378679	test-native (ubuntu-24.04-arm, all-features)	success	True	5fe863b6412998b2ae401c0d1be7ab28a0bb2df17fd7d7680da568405aea919b	307,17,38,14,25,16,24,13,16,8,5,55,9,13,5,2,1,3,2,3	https://github.com/PerryTS/turnloop/actions/runs/34916140575/job/104214378679
34916140575	7f37e7e4dad60d7d596fce225bb0797565fc765f	104214378692	test-native (ubuntu-24.04, all-features)	success	True	6357f5ac116ca93c6885685dd7338445ae904eedfcbb8159d4d75bb0727936cc	307,17,38,14,25,16,24,13,16,8,5,55,9,13,5,2,1,3,2,3	https://github.com/PerryTS/turnloop/actions/runs/34916140575/job/104214378692
34916140575	7f37e7e4dad60d7d596fce225bb0797565fc765f	104214378727	test-native (macos-15, all-features)	success	True	98e326ced56bd7cc739f7965940dd40f007a2e56cea651151b9405e7da991007	305,14,38,14,25,16,24,13,16,8,5,56,9,13,5,2,1,3,2,3	https://github.com/PerryTS/turnloop/actions/runs/34916140575/job/104214378727
34916140575	7f37e7e4dad60d7d596fce225bb0797565fc765f	104214379122	self-hosted-windows	skipped	False			https://github.com/PerryTS/turnloop/actions/runs/34916140575/job/104214379122
34916140575	7f37e7e4dad60d7d596fce225bb0797565fc765f	104215847357	ci-gate	success	True	a508a4c38b33d0a3474a9ffa6f14b16f02e29bd520254c56255d4f91565ef0dc		https://github.com/PerryTS/turnloop/actions/runs/34916140575/job/104215847357
